{
  "project_info": {
    "project_number": "253421303091",
    "project_id": "oauth-19927",
    "storage_bucket": "oauth-19927.appspot.com"
  },
  "client": [
    {
      "client_info": {
        "mobilesdk_app_id": "1:253421303091:android:08da118a69385d89033a46",
        "android_client_info": {
          "package_name": "com.example.registration"
        }
      },
      "oauth_client": [
        {
          "client_id": "253421303091-orr9cbt68q9cesjk524kndehe79f8i0j.apps.googleusercontent.com",
          "client_type": 1,
          "android_info": {
            "package_name": "com.example.registration",
            "certificate_hash": "2a1b4f245e9935e6a4ff27362e1cef7460d2b051"
          }
        },
        {
          "client_id": "253421303091-nu1th0b5fp2hcu6hphdfhg3sfaldpsc2.apps.googleusercontent.com",
          "client_type": 3
        }
      ],
      "api_key": [
        {
          "current_key": "AIzaSyAfI3qK0pW39XBcmnA8eu2aVaQeROuTMvk"
        }
      ],
      "services": {
        "appinvite_service": {
          "other_platform_oauth_client": [
            {
              "client_id": "253421303091-nu1th0b5fp2hcu6hphdfhg3sfaldpsc2.apps.googleusercontent.com",
              "client_type": 3
            }
          ]
        }
      }
    }
  ],
  "configuration_version": "1"
}